gauge,filename,source_path,processed_path,size_bytes
man1,man1_61.png,data\raw\Aalborg\4 Test of videos\man1\man1_61.png,data\processed\aalborg_clean\man1\man1_61.png,6861
man1,man1_62.png,data\raw\Aalborg\4 Test of videos\man1\man1_62.png,data\processed\aalborg_clean\man1\man1_62.png,8553
man1,man1_63.png,data\raw\Aalborg\4 Test of videos\man1\man1_63.png,data\processed\aalborg_clean\man1\man1_63.png,7508
man1,man1_64.png,data\raw\Aalborg\4 Test of videos\man1\man1_64.png,data\processed\aalborg_clean\man1\man1_64.png,8444
man1,man1_65.png,data\raw\Aalborg\4 Test of videos\man1\man1_65.png,data\processed\aalborg_clean\man1\man1_65.png,7076
man1,man1_66.png,data\raw\Aalborg\4 Test of videos\man1\man1_66.png,data\processed\aalborg_clean\man1\man1_66.png,8519
man1,man1_67.png,data\raw\Aalborg\4 Test of videos\man1\man1_67.png,data\processed\aalborg_clean\man1\man1_67.png,8119
man1,man1_68.png,data\raw\Aalborg\4 Test of videos\man1\man1_68.png,data\processed\aalborg_clean\man1\man1_68.png,8224
man1,man1_69.png,data\raw\Aalborg\4 Test of videos\man1\man1_69.png,data\processed\aalborg_clean\man1\man1_69.png,8335
man1,man1_70.png,data\raw\Aalborg\4 Test of videos\man1\man1_70.png,data\processed\aalborg_clean\man1\man1_70.png,8409
man1,man1_71.png,data\raw\Aalborg\4 Test of videos\man1\man1_71.png,data\processed\aalborg_clean\man1\man1_71.png,8396
man1,man1_72.png,data\raw\Aalborg\4 Test of videos\man1\man1_72.png,data\processed\aalborg_clean\man1\man1_72.png,8548
man1,man1_73.png,data\raw\Aalborg\4 Test of videos\man1\man1_73.png,data\processed\aalborg_clean\man1\man1_73.png,8357
man1,man1_74.png,data\raw\Aalborg\4 Test of videos\man1\man1_74.png,data\processed\aalborg_clean\man1\man1_74.png,8341
man1,man1_75.png,data\raw\Aalborg\4 Test of videos\man1\man1_75.png,data\processed\aalborg_clean\man1\man1_75.png,8357
man1,man1_76.png,data\raw\Aalborg\4 Test of videos\man1\man1_76.png,data\processed\aalborg_clean\man1\man1_76.png,8268
man1,man1_77.png,data\raw\Aalborg\4 Test of videos\man1\man1_77.png,data\processed\aalborg_clean\man1\man1_77.png,8306
man1,man1_78.png,data\raw\Aalborg\4 Test of videos\man1\man1_78.png,data\processed\aalborg_clean\man1\man1_78.png,8329
man1,man1_79.png,data\raw\Aalborg\4 Test of videos\man1\man1_79.png,data\processed\aalborg_clean\man1\man1_79.png,8282
man1,man1_80.png,data\raw\Aalborg\4 Test of videos\man1\man1_80.png,data\processed\aalborg_clean\man1\man1_80.png,8224
man1,man1_81.png,data\raw\Aalborg\4 Test of videos\man1\man1_81.png,data\processed\aalborg_clean\man1\man1_81.png,8184
man1,man1_82.png,data\raw\Aalborg\4 Test of videos\man1\man1_82.png,data\processed\aalborg_clean\man1\man1_82.png,8222
man1,man1_83.png,data\raw\Aalborg\4 Test of videos\man1\man1_83.png,data\processed\aalborg_clean\man1\man1_83.png,8277
man2,man2_121.png,data\raw\Aalborg\4 Test of videos\man2\man2_121.png,data\processed\aalborg_clean\man2\man2_121.png,2291
man2,man2_134.png,data\raw\Aalborg\4 Test of videos\man2\man2_134.png,data\processed\aalborg_clean\man2\man2_134.png,4854
man2,man2_135.png,data\raw\Aalborg\4 Test of videos\man2\man2_135.png,data\processed\aalborg_clean\man2\man2_135.png,2279
man2,man2_145.png,data\raw\Aalborg\4 Test of videos\man2\man2_145.png,data\processed\aalborg_clean\man2\man2_145.png,6346
man2,man2_146.png,data\raw\Aalborg\4 Test of videos\man2\man2_146.png,data\processed\aalborg_clean\man2\man2_146.png,6396
man2,man2_147.png,data\raw\Aalborg\4 Test of videos\man2\man2_147.png,data\processed\aalborg_clean\man2\man2_147.png,6381
man2,man2_148.png,data\raw\Aalborg\4 Test of videos\man2\man2_148.png,data\processed\aalborg_clean\man2\man2_148.png,6369
man2,man2_149.png,data\raw\Aalborg\4 Test of videos\man2\man2_149.png,data\processed\aalborg_clean\man2\man2_149.png,6466
man2,man2_150.png,data\raw\Aalborg\4 Test of videos\man2\man2_150.png,data\processed\aalborg_clean\man2\man2_150.png,6459
man2,man2_152.png,data\raw\Aalborg\4 Test of videos\man2\man2_152.png,data\processed\aalborg_clean\man2\man2_152.png,6653
man2,man2_153.png,data\raw\Aalborg\4 Test of videos\man2\man2_153.png,data\processed\aalborg_clean\man2\man2_153.png,6553
man2,man2_154.png,data\raw\Aalborg\4 Test of videos\man2\man2_154.png,data\processed\aalborg_clean\man2\man2_154.png,6554
man2,man2_155.png,data\raw\Aalborg\4 Test of videos\man2\man2_155.png,data\processed\aalborg_clean\man2\man2_155.png,6409
man2,man2_156.png,data\raw\Aalborg\4 Test of videos\man2\man2_156.png,data\processed\aalborg_clean\man2\man2_156.png,6421
man2,man2_157.png,data\raw\Aalborg\4 Test of videos\man2\man2_157.png,data\processed\aalborg_clean\man2\man2_157.png,6440
man2,man2_158.png,data\raw\Aalborg\4 Test of videos\man2\man2_158.png,data\processed\aalborg_clean\man2\man2_158.png,6562
man2,man2_159.png,data\raw\Aalborg\4 Test of videos\man2\man2_159.png,data\processed\aalborg_clean\man2\man2_159.png,6430
man2,man2_160.png,data\raw\Aalborg\4 Test of videos\man2\man2_160.png,data\processed\aalborg_clean\man2\man2_160.png,6583
man2,man2_161.png,data\raw\Aalborg\4 Test of videos\man2\man2_161.png,data\processed\aalborg_clean\man2\man2_161.png,6468
man2,man2_162.png,data\raw\Aalborg\4 Test of videos\man2\man2_162.png,data\processed\aalborg_clean\man2\man2_162.png,6613
man2,man2_163.png,data\raw\Aalborg\4 Test of videos\man2\man2_163.png,data\processed\aalborg_clean\man2\man2_163.png,6814
man2,man2_166.png,data\raw\Aalborg\4 Test of videos\man2\man2_166.png,data\processed\aalborg_clean\man2\man2_166.png,6352
man2,man2_167.png,data\raw\Aalborg\4 Test of videos\man2\man2_167.png,data\processed\aalborg_clean\man2\man2_167.png,6329
man2,man2_168.png,data\raw\Aalborg\4 Test of videos\man2\man2_168.png,data\processed\aalborg_clean\man2\man2_168.png,6482
man2,man2_170.png,data\raw\Aalborg\4 Test of videos\man2\man2_170.png,data\processed\aalborg_clean\man2\man2_170.png,6458
man2,man2_172.png,data\raw\Aalborg\4 Test of videos\man2\man2_172.png,data\processed\aalborg_clean\man2\man2_172.png,6541
man2,man2_173.png,data\raw\Aalborg\4 Test of videos\man2\man2_173.png,data\processed\aalborg_clean\man2\man2_173.png,6314
man2,man2_174.png,data\raw\Aalborg\4 Test of videos\man2\man2_174.png,data\processed\aalborg_clean\man2\man2_174.png,6692
man2,man2_175.png,data\raw\Aalborg\4 Test of videos\man2\man2_175.png,data\processed\aalborg_clean\man2\man2_175.png,6688
man2,man2_176.png,data\raw\Aalborg\4 Test of videos\man2\man2_176.png,data\processed\aalborg_clean\man2\man2_176.png,6740
man2,man2_178.png,data\raw\Aalborg\4 Test of videos\man2\man2_178.png,data\processed\aalborg_clean\man2\man2_178.png,6638
man2,man2_179.png,data\raw\Aalborg\4 Test of videos\man2\man2_179.png,data\processed\aalborg_clean\man2\man2_179.png,6683
man2,man2_181.png,data\raw\Aalborg\4 Test of videos\man2\man2_181.png,data\processed\aalborg_clean\man2\man2_181.png,6626
man2,man2_182.png,data\raw\Aalborg\4 Test of videos\man2\man2_182.png,data\processed\aalborg_clean\man2\man2_182.png,6588
man2,man2_185.png,data\raw\Aalborg\4 Test of videos\man2\man2_185.png,data\processed\aalborg_clean\man2\man2_185.png,6636
man2,man2_186.png,data\raw\Aalborg\4 Test of videos\man2\man2_186.png,data\processed\aalborg_clean\man2\man2_186.png,6819
man2,man2_188.png,data\raw\Aalborg\4 Test of videos\man2\man2_188.png,data\processed\aalborg_clean\man2\man2_188.png,6909
man2,man2_189.png,data\raw\Aalborg\4 Test of videos\man2\man2_189.png,data\processed\aalborg_clean\man2\man2_189.png,6594
man2,man2_190.png,data\raw\Aalborg\4 Test of videos\man2\man2_190.png,data\processed\aalborg_clean\man2\man2_190.png,6706
man2,man2_192.png,data\raw\Aalborg\4 Test of videos\man2\man2_192.png,data\processed\aalborg_clean\man2\man2_192.png,6758
man2,man2_195.png,data\raw\Aalborg\4 Test of videos\man2\man2_195.png,data\processed\aalborg_clean\man2\man2_195.png,4876
man2,man2_196.png,data\raw\Aalborg\4 Test of videos\man2\man2_196.png,data\processed\aalborg_clean\man2\man2_196.png,6775
man2,man2_198.png,data\raw\Aalborg\4 Test of videos\man2\man2_198.png,data\processed\aalborg_clean\man2\man2_198.png,4862
man2,man2_202.png,data\raw\Aalborg\4 Test of videos\man2\man2_202.png,data\processed\aalborg_clean\man2\man2_202.png,4898
man2,man2_204.png,data\raw\Aalborg\4 Test of videos\man2\man2_204.png,data\processed\aalborg_clean\man2\man2_204.png,7003
man2,man2_205.png,data\raw\Aalborg\4 Test of videos\man2\man2_205.png,data\processed\aalborg_clean\man2\man2_205.png,4877
man2,man2_206.png,data\raw\Aalborg\4 Test of videos\man2\man2_206.png,data\processed\aalborg_clean\man2\man2_206.png,6798
man2,man2_207.png,data\raw\Aalborg\4 Test of videos\man2\man2_207.png,data\processed\aalborg_clean\man2\man2_207.png,4961
man2,man2_208.png,data\raw\Aalborg\4 Test of videos\man2\man2_208.png,data\processed\aalborg_clean\man2\man2_208.png,4880
man2,man2_209.png,data\raw\Aalborg\4 Test of videos\man2\man2_209.png,data\processed\aalborg_clean\man2\man2_209.png,6753
man2,man2_211.png,data\raw\Aalborg\4 Test of videos\man2\man2_211.png,data\processed\aalborg_clean\man2\man2_211.png,4906
man2,man2_213.png,data\raw\Aalborg\4 Test of videos\man2\man2_213.png,data\processed\aalborg_clean\man2\man2_213.png,4952
man2,man2_215.png,data\raw\Aalborg\4 Test of videos\man2\man2_215.png,data\processed\aalborg_clean\man2\man2_215.png,6677
man2,man2_216.png,data\raw\Aalborg\4 Test of videos\man2\man2_216.png,data\processed\aalborg_clean\man2\man2_216.png,6498
man2,man2_219.png,data\raw\Aalborg\4 Test of videos\man2\man2_219.png,data\processed\aalborg_clean\man2\man2_219.png,6442
man2,man2_224.png,data\raw\Aalborg\4 Test of videos\man2\man2_224.png,data\processed\aalborg_clean\man2\man2_224.png,6575
man2,man2_225.png,data\raw\Aalborg\4 Test of videos\man2\man2_225.png,data\processed\aalborg_clean\man2\man2_225.png,6571
man2,man2_228.png,data\raw\Aalborg\4 Test of videos\man2\man2_228.png,data\processed\aalborg_clean\man2\man2_228.png,6796
man2,man2_229.png,data\raw\Aalborg\4 Test of videos\man2\man2_229.png,data\processed\aalborg_clean\man2\man2_229.png,6702
man2,man2_230.png,data\raw\Aalborg\4 Test of videos\man2\man2_230.png,data\processed\aalborg_clean\man2\man2_230.png,6654
man2,man2_231.png,data\raw\Aalborg\4 Test of videos\man2\man2_231.png,data\processed\aalborg_clean\man2\man2_231.png,6738
man2,man2_232.png,data\raw\Aalborg\4 Test of videos\man2\man2_232.png,data\processed\aalborg_clean\man2\man2_232.png,6726
man2,man2_233.png,data\raw\Aalborg\4 Test of videos\man2\man2_233.png,data\processed\aalborg_clean\man2\man2_233.png,6652
man2,man2_234.png,data\raw\Aalborg\4 Test of videos\man2\man2_234.png,data\processed\aalborg_clean\man2\man2_234.png,6194
man2,man2_235.png,data\raw\Aalborg\4 Test of videos\man2\man2_235.png,data\processed\aalborg_clean\man2\man2_235.png,6487
man2,man2_236.png,data\raw\Aalborg\4 Test of videos\man2\man2_236.png,data\processed\aalborg_clean\man2\man2_236.png,6540
man2,man2_237.png,data\raw\Aalborg\4 Test of videos\man2\man2_237.png,data\processed\aalborg_clean\man2\man2_237.png,6460
man2,man2_238.png,data\raw\Aalborg\4 Test of videos\man2\man2_238.png,data\processed\aalborg_clean\man2\man2_238.png,6374
man2,man2_239.png,data\raw\Aalborg\4 Test of videos\man2\man2_239.png,data\processed\aalborg_clean\man2\man2_239.png,6620
man2,man2_240.png,data\raw\Aalborg\4 Test of videos\man2\man2_240.png,data\processed\aalborg_clean\man2\man2_240.png,6442
man2,man2_241.png,data\raw\Aalborg\4 Test of videos\man2\man2_241.png,data\processed\aalborg_clean\man2\man2_241.png,6208
man2,man2_242.png,data\raw\Aalborg\4 Test of videos\man2\man2_242.png,data\processed\aalborg_clean\man2\man2_242.png,6505
man2,man2_243.png,data\raw\Aalborg\4 Test of videos\man2\man2_243.png,data\processed\aalborg_clean\man2\man2_243.png,6242
man2,man2_246.png,data\raw\Aalborg\4 Test of videos\man2\man2_246.png,data\processed\aalborg_clean\man2\man2_246.png,6348
man2,man2_248.png,data\raw\Aalborg\4 Test of videos\man2\man2_248.png,data\processed\aalborg_clean\man2\man2_248.png,6438
man2,man2_249.png,data\raw\Aalborg\4 Test of videos\man2\man2_249.png,data\processed\aalborg_clean\man2\man2_249.png,6281
man2,man2_251.png,data\raw\Aalborg\4 Test of videos\man2\man2_251.png,data\processed\aalborg_clean\man2\man2_251.png,5575
man2,man2_252.png,data\raw\Aalborg\4 Test of videos\man2\man2_252.png,data\processed\aalborg_clean\man2\man2_252.png,5559
man2,man2_253.png,data\raw\Aalborg\4 Test of videos\man2\man2_253.png,data\processed\aalborg_clean\man2\man2_253.png,5651
man2,man2_254.png,data\raw\Aalborg\4 Test of videos\man2\man2_254.png,data\processed\aalborg_clean\man2\man2_254.png,5900
man2,man2_255.png,data\raw\Aalborg\4 Test of videos\man2\man2_255.png,data\processed\aalborg_clean\man2\man2_255.png,5655
man2,man2_256.png,data\raw\Aalborg\4 Test of videos\man2\man2_256.png,data\processed\aalborg_clean\man2\man2_256.png,5910
man2,man2_257.png,data\raw\Aalborg\4 Test of videos\man2\man2_257.png,data\processed\aalborg_clean\man2\man2_257.png,5851
man2,man2_258.png,data\raw\Aalborg\4 Test of videos\man2\man2_258.png,data\processed\aalborg_clean\man2\man2_258.png,6011
man2,man2_261.png,data\raw\Aalborg\4 Test of videos\man2\man2_261.png,data\processed\aalborg_clean\man2\man2_261.png,6209
man2,man2_262.png,data\raw\Aalborg\4 Test of videos\man2\man2_262.png,data\processed\aalborg_clean\man2\man2_262.png,6268
man2,man2_263.png,data\raw\Aalborg\4 Test of videos\man2\man2_263.png,data\processed\aalborg_clean\man2\man2_263.png,6236
man2,man2_264.png,data\raw\Aalborg\4 Test of videos\man2\man2_264.png,data\processed\aalborg_clean\man2\man2_264.png,6197
man2,man2_265.png,data\raw\Aalborg\4 Test of videos\man2\man2_265.png,data\processed\aalborg_clean\man2\man2_265.png,5993
man2,man2_266.png,data\raw\Aalborg\4 Test of videos\man2\man2_266.png,data\processed\aalborg_clean\man2\man2_266.png,6214
man2,man2_267.png,data\raw\Aalborg\4 Test of videos\man2\man2_267.png,data\processed\aalborg_clean\man2\man2_267.png,6001
man2,man2_269.png,data\raw\Aalborg\4 Test of videos\man2\man2_269.png,data\processed\aalborg_clean\man2\man2_269.png,6065
man2,man2_270.png,data\raw\Aalborg\4 Test of videos\man2\man2_270.png,data\processed\aalborg_clean\man2\man2_270.png,6295
man2,man2_273.png,data\raw\Aalborg\4 Test of videos\man2\man2_273.png,data\processed\aalborg_clean\man2\man2_273.png,6363
man2,man2_277.png,data\raw\Aalborg\4 Test of videos\man2\man2_277.png,data\processed\aalborg_clean\man2\man2_277.png,6346
man2,man2_279.png,data\raw\Aalborg\4 Test of videos\man2\man2_279.png,data\processed\aalborg_clean\man2\man2_279.png,6515
man2,man2_280.png,data\raw\Aalborg\4 Test of videos\man2\man2_280.png,data\processed\aalborg_clean\man2\man2_280.png,6530
man2,man2_281.png,data\raw\Aalborg\4 Test of videos\man2\man2_281.png,data\processed\aalborg_clean\man2\man2_281.png,6541
man2,man2_282.png,data\raw\Aalborg\4 Test of videos\man2\man2_282.png,data\processed\aalborg_clean\man2\man2_282.png,6582
man2,man2_284.png,data\raw\Aalborg\4 Test of videos\man2\man2_284.png,data\processed\aalborg_clean\man2\man2_284.png,6526
man2,man2_285.png,data\raw\Aalborg\4 Test of videos\man2\man2_285.png,data\processed\aalborg_clean\man2\man2_285.png,6550
man2,man2_286.png,data\raw\Aalborg\4 Test of videos\man2\man2_286.png,data\processed\aalborg_clean\man2\man2_286.png,6591
man2,man2_296.png,data\raw\Aalborg\4 Test of videos\man2\man2_296.png,data\processed\aalborg_clean\man2\man2_296.png,6654
man2,man2_298.png,data\raw\Aalborg\4 Test of videos\man2\man2_298.png,data\processed\aalborg_clean\man2\man2_298.png,6665
man2,man2_300.png,data\raw\Aalborg\4 Test of videos\man2\man2_300.png,data\processed\aalborg_clean\man2\man2_300.png,6640
man2,man2_302.png,data\raw\Aalborg\4 Test of videos\man2\man2_302.png,data\processed\aalborg_clean\man2\man2_302.png,6658
man2,man2_303.png,data\raw\Aalborg\4 Test of videos\man2\man2_303.png,data\processed\aalborg_clean\man2\man2_303.png,6567
man3,man3_1.png,data\raw\Aalborg\4 Test of videos\man3\man3_1.png,data\processed\aalborg_clean\man3\man3_1.png,6850
man3,man3_10.png,data\raw\Aalborg\4 Test of videos\man3\man3_10.png,data\processed\aalborg_clean\man3\man3_10.png,7561
man3,man3_11.png,data\raw\Aalborg\4 Test of videos\man3\man3_11.png,data\processed\aalborg_clean\man3\man3_11.png,7417
man3,man3_12.png,data\raw\Aalborg\4 Test of videos\man3\man3_12.png,data\processed\aalborg_clean\man3\man3_12.png,7574
man3,man3_13.png,data\raw\Aalborg\4 Test of videos\man3\man3_13.png,data\processed\aalborg_clean\man3\man3_13.png,7582
man3,man3_14.png,data\raw\Aalborg\4 Test of videos\man3\man3_14.png,data\processed\aalborg_clean\man3\man3_14.png,7464
man3,man3_15.png,data\raw\Aalborg\4 Test of videos\man3\man3_15.png,data\processed\aalborg_clean\man3\man3_15.png,7589
man3,man3_16.png,data\raw\Aalborg\4 Test of videos\man3\man3_16.png,data\processed\aalborg_clean\man3\man3_16.png,7494
man3,man3_17.png,data\raw\Aalborg\4 Test of videos\man3\man3_17.png,data\processed\aalborg_clean\man3\man3_17.png,7473
man3,man3_18.png,data\raw\Aalborg\4 Test of videos\man3\man3_18.png,data\processed\aalborg_clean\man3\man3_18.png,7587
man3,man3_19.png,data\raw\Aalborg\4 Test of videos\man3\man3_19.png,data\processed\aalborg_clean\man3\man3_19.png,7676
man3,man3_2.png,data\raw\Aalborg\4 Test of videos\man3\man3_2.png,data\processed\aalborg_clean\man3\man3_2.png,7060
man3,man3_20.png,data\raw\Aalborg\4 Test of videos\man3\man3_20.png,data\processed\aalborg_clean\man3\man3_20.png,7595
man3,man3_21.png,data\raw\Aalborg\4 Test of videos\man3\man3_21.png,data\processed\aalborg_clean\man3\man3_21.png,7549
man3,man3_22.png,data\raw\Aalborg\4 Test of videos\man3\man3_22.png,data\processed\aalborg_clean\man3\man3_22.png,7494
man3,man3_23.png,data\raw\Aalborg\4 Test of videos\man3\man3_23.png,data\processed\aalborg_clean\man3\man3_23.png,7548
man3,man3_24.png,data\raw\Aalborg\4 Test of videos\man3\man3_24.png,data\processed\aalborg_clean\man3\man3_24.png,7554
man3,man3_25.png,data\raw\Aalborg\4 Test of videos\man3\man3_25.png,data\processed\aalborg_clean\man3\man3_25.png,7548
man3,man3_26.png,data\raw\Aalborg\4 Test of videos\man3\man3_26.png,data\processed\aalborg_clean\man3\man3_26.png,7561
man3,man3_27.png,data\raw\Aalborg\4 Test of videos\man3\man3_27.png,data\processed\aalborg_clean\man3\man3_27.png,7543
man3,man3_28.png,data\raw\Aalborg\4 Test of videos\man3\man3_28.png,data\processed\aalborg_clean\man3\man3_28.png,7525
man3,man3_29.png,data\raw\Aalborg\4 Test of videos\man3\man3_29.png,data\processed\aalborg_clean\man3\man3_29.png,7488
man3,man3_3.png,data\raw\Aalborg\4 Test of videos\man3\man3_3.png,data\processed\aalborg_clean\man3\man3_3.png,7444
man3,man3_30.png,data\raw\Aalborg\4 Test of videos\man3\man3_30.png,data\processed\aalborg_clean\man3\man3_30.png,7383
man3,man3_31.png,data\raw\Aalborg\4 Test of videos\man3\man3_31.png,data\processed\aalborg_clean\man3\man3_31.png,7203
man3,man3_32.png,data\raw\Aalborg\4 Test of videos\man3\man3_32.png,data\processed\aalborg_clean\man3\man3_32.png,7217
man3,man3_33.png,data\raw\Aalborg\4 Test of videos\man3\man3_33.png,data\processed\aalborg_clean\man3\man3_33.png,7180
man3,man3_4.png,data\raw\Aalborg\4 Test of videos\man3\man3_4.png,data\processed\aalborg_clean\man3\man3_4.png,7379
man3,man3_5.png,data\raw\Aalborg\4 Test of videos\man3\man3_5.png,data\processed\aalborg_clean\man3\man3_5.png,7334
man3,man3_6.png,data\raw\Aalborg\4 Test of videos\man3\man3_6.png,data\processed\aalborg_clean\man3\man3_6.png,7351
man3,man3_7.png,data\raw\Aalborg\4 Test of videos\man3\man3_7.png,data\processed\aalborg_clean\man3\man3_7.png,7487
man3,man3_8.png,data\raw\Aalborg\4 Test of videos\man3\man3_8.png,data\processed\aalborg_clean\man3\man3_8.png,7460
man3,man3_9.png,data\raw\Aalborg\4 Test of videos\man3\man3_9.png,data\processed\aalborg_clean\man3\man3_9.png,7484
man4,man4_1.png,data\raw\Aalborg\4 Test of videos\man4\man4_1.png,data\processed\aalborg_clean\man4\man4_1.png,7230
man4,man4_10.png,data\raw\Aalborg\4 Test of videos\man4\man4_10.png,data\processed\aalborg_clean\man4\man4_10.png,7292
man4,man4_11.png,data\raw\Aalborg\4 Test of videos\man4\man4_11.png,data\processed\aalborg_clean\man4\man4_11.png,7197
man4,man4_12.png,data\raw\Aalborg\4 Test of videos\man4\man4_12.png,data\processed\aalborg_clean\man4\man4_12.png,7247
man4,man4_13.png,data\raw\Aalborg\4 Test of videos\man4\man4_13.png,data\processed\aalborg_clean\man4\man4_13.png,7163
man4,man4_14.png,data\raw\Aalborg\4 Test of videos\man4\man4_14.png,data\processed\aalborg_clean\man4\man4_14.png,7291
man4,man4_15.png,data\raw\Aalborg\4 Test of videos\man4\man4_15.png,data\processed\aalborg_clean\man4\man4_15.png,7176
man4,man4_16.png,data\raw\Aalborg\4 Test of videos\man4\man4_16.png,data\processed\aalborg_clean\man4\man4_16.png,7244
man4,man4_17.png,data\raw\Aalborg\4 Test of videos\man4\man4_17.png,data\processed\aalborg_clean\man4\man4_17.png,7250
man4,man4_18.png,data\raw\Aalborg\4 Test of videos\man4\man4_18.png,data\processed\aalborg_clean\man4\man4_18.png,7217
man4,man4_19.png,data\raw\Aalborg\4 Test of videos\man4\man4_19.png,data\processed\aalborg_clean\man4\man4_19.png,7345
man4,man4_2.png,data\raw\Aalborg\4 Test of videos\man4\man4_2.png,data\processed\aalborg_clean\man4\man4_2.png,7242
man4,man4_20.png,data\raw\Aalborg\4 Test of videos\man4\man4_20.png,data\processed\aalborg_clean\man4\man4_20.png,7358
man4,man4_21.png,data\raw\Aalborg\4 Test of videos\man4\man4_21.png,data\processed\aalborg_clean\man4\man4_21.png,7255
man4,man4_22.png,data\raw\Aalborg\4 Test of videos\man4\man4_22.png,data\processed\aalborg_clean\man4\man4_22.png,7225
man4,man4_23.png,data\raw\Aalborg\4 Test of videos\man4\man4_23.png,data\processed\aalborg_clean\man4\man4_23.png,7243
man4,man4_24.png,data\raw\Aalborg\4 Test of videos\man4\man4_24.png,data\processed\aalborg_clean\man4\man4_24.png,7359
man4,man4_25.png,data\raw\Aalborg\4 Test of videos\man4\man4_25.png,data\processed\aalborg_clean\man4\man4_25.png,7234
man4,man4_26.png,data\raw\Aalborg\4 Test of videos\man4\man4_26.png,data\processed\aalborg_clean\man4\man4_26.png,7236
man4,man4_27.png,data\raw\Aalborg\4 Test of videos\man4\man4_27.png,data\processed\aalborg_clean\man4\man4_27.png,7210
man4,man4_28.png,data\raw\Aalborg\4 Test of videos\man4\man4_28.png,data\processed\aalborg_clean\man4\man4_28.png,7233
man4,man4_29.png,data\raw\Aalborg\4 Test of videos\man4\man4_29.png,data\processed\aalborg_clean\man4\man4_29.png,7396
man4,man4_3.png,data\raw\Aalborg\4 Test of videos\man4\man4_3.png,data\processed\aalborg_clean\man4\man4_3.png,7207
man4,man4_30.png,data\raw\Aalborg\4 Test of videos\man4\man4_30.png,data\processed\aalborg_clean\man4\man4_30.png,7225
man4,man4_31.png,data\raw\Aalborg\4 Test of videos\man4\man4_31.png,data\processed\aalborg_clean\man4\man4_31.png,7240
man4,man4_32.png,data\raw\Aalborg\4 Test of videos\man4\man4_32.png,data\processed\aalborg_clean\man4\man4_32.png,7238
man4,man4_33.png,data\raw\Aalborg\4 Test of videos\man4\man4_33.png,data\processed\aalborg_clean\man4\man4_33.png,7422
man4,man4_34.png,data\raw\Aalborg\4 Test of videos\man4\man4_34.png,data\processed\aalborg_clean\man4\man4_34.png,7296
man4,man4_35.png,data\raw\Aalborg\4 Test of videos\man4\man4_35.png,data\processed\aalborg_clean\man4\man4_35.png,7266
man4,man4_4.png,data\raw\Aalborg\4 Test of videos\man4\man4_4.png,data\processed\aalborg_clean\man4\man4_4.png,7301
man4,man4_5.png,data\raw\Aalborg\4 Test of videos\man4\man4_5.png,data\processed\aalborg_clean\man4\man4_5.png,7282
man4,man4_6.png,data\raw\Aalborg\4 Test of videos\man4\man4_6.png,data\processed\aalborg_clean\man4\man4_6.png,7228
man4,man4_7.png,data\raw\Aalborg\4 Test of videos\man4\man4_7.png,data\processed\aalborg_clean\man4\man4_7.png,7236
man4,man4_8.png,data\raw\Aalborg\4 Test of videos\man4\man4_8.png,data\processed\aalborg_clean\man4\man4_8.png,7220
man4,man4_9.png,data\raw\Aalborg\4 Test of videos\man4\man4_9.png,data\processed\aalborg_clean\man4\man4_9.png,7274
man5,man5_1.png,data\raw\Aalborg\4 Test of videos\man5\man5_1.png,data\processed\aalborg_clean\man5\man5_1.png,2737
man5,man5_10.png,data\raw\Aalborg\4 Test of videos\man5\man5_10.png,data\processed\aalborg_clean\man5\man5_10.png,2706
man5,man5_11.png,data\raw\Aalborg\4 Test of videos\man5\man5_11.png,data\processed\aalborg_clean\man5\man5_11.png,7100
man5,man5_12.png,data\raw\Aalborg\4 Test of videos\man5\man5_12.png,data\processed\aalborg_clean\man5\man5_12.png,7016
man5,man5_13.png,data\raw\Aalborg\4 Test of videos\man5\man5_13.png,data\processed\aalborg_clean\man5\man5_13.png,2672
man5,man5_14.png,data\raw\Aalborg\4 Test of videos\man5\man5_14.png,data\processed\aalborg_clean\man5\man5_14.png,2679
man5,man5_15.png,data\raw\Aalborg\4 Test of videos\man5\man5_15.png,data\processed\aalborg_clean\man5\man5_15.png,2706
man5,man5_16.png,data\raw\Aalborg\4 Test of videos\man5\man5_16.png,data\processed\aalborg_clean\man5\man5_16.png,2706
man5,man5_17.png,data\raw\Aalborg\4 Test of videos\man5\man5_17.png,data\processed\aalborg_clean\man5\man5_17.png,2692
man5,man5_18.png,data\raw\Aalborg\4 Test of videos\man5\man5_18.png,data\processed\aalborg_clean\man5\man5_18.png,2722
man5,man5_19.png,data\raw\Aalborg\4 Test of videos\man5\man5_19.png,data\processed\aalborg_clean\man5\man5_19.png,6776
man5,man5_2.png,data\raw\Aalborg\4 Test of videos\man5\man5_2.png,data\processed\aalborg_clean\man5\man5_2.png,2667
man5,man5_20.png,data\raw\Aalborg\4 Test of videos\man5\man5_20.png,data\processed\aalborg_clean\man5\man5_20.png,6774
man5,man5_21.png,data\raw\Aalborg\4 Test of videos\man5\man5_21.png,data\processed\aalborg_clean\man5\man5_21.png,2689
man5,man5_22.png,data\raw\Aalborg\4 Test of videos\man5\man5_22.png,data\processed\aalborg_clean\man5\man5_22.png,2708
man5,man5_23.png,data\raw\Aalborg\4 Test of videos\man5\man5_23.png,data\processed\aalborg_clean\man5\man5_23.png,2698
man5,man5_24.png,data\raw\Aalborg\4 Test of videos\man5\man5_24.png,data\processed\aalborg_clean\man5\man5_24.png,2659
man5,man5_25.png,data\raw\Aalborg\4 Test of videos\man5\man5_25.png,data\processed\aalborg_clean\man5\man5_25.png,2681
man5,man5_26.png,data\raw\Aalborg\4 Test of videos\man5\man5_26.png,data\processed\aalborg_clean\man5\man5_26.png,2696
man5,man5_27.png,data\raw\Aalborg\4 Test of videos\man5\man5_27.png,data\processed\aalborg_clean\man5\man5_27.png,2700
man5,man5_28.png,data\raw\Aalborg\4 Test of videos\man5\man5_28.png,data\processed\aalborg_clean\man5\man5_28.png,2695
man5,man5_29.png,data\raw\Aalborg\4 Test of videos\man5\man5_29.png,data\processed\aalborg_clean\man5\man5_29.png,4050
man5,man5_3.png,data\raw\Aalborg\4 Test of videos\man5\man5_3.png,data\processed\aalborg_clean\man5\man5_3.png,2672
man5,man5_30.png,data\raw\Aalborg\4 Test of videos\man5\man5_30.png,data\processed\aalborg_clean\man5\man5_30.png,2560
man5,man5_31.png,data\raw\Aalborg\4 Test of videos\man5\man5_31.png,data\processed\aalborg_clean\man5\man5_31.png,2585
man5,man5_32.png,data\raw\Aalborg\4 Test of videos\man5\man5_32.png,data\processed\aalborg_clean\man5\man5_32.png,6652
man5,man5_33.png,data\raw\Aalborg\4 Test of videos\man5\man5_33.png,data\processed\aalborg_clean\man5\man5_33.png,2555
man5,man5_34.png,data\raw\Aalborg\4 Test of videos\man5\man5_34.png,data\processed\aalborg_clean\man5\man5_34.png,2634
man5,man5_35.png,data\raw\Aalborg\4 Test of videos\man5\man5_35.png,data\processed\aalborg_clean\man5\man5_35.png,5703
man5,man5_36.png,data\raw\Aalborg\4 Test of videos\man5\man5_36.png,data\processed\aalborg_clean\man5\man5_36.png,2621
man5,man5_37.png,data\raw\Aalborg\4 Test of videos\man5\man5_37.png,data\processed\aalborg_clean\man5\man5_37.png,2564
man5,man5_38.png,data\raw\Aalborg\4 Test of videos\man5\man5_38.png,data\processed\aalborg_clean\man5\man5_38.png,2579
man5,man5_39.png,data\raw\Aalborg\4 Test of videos\man5\man5_39.png,data\processed\aalborg_clean\man5\man5_39.png,2562
man5,man5_4.png,data\raw\Aalborg\4 Test of videos\man5\man5_4.png,data\processed\aalborg_clean\man5\man5_4.png,2681
man5,man5_40.png,data\raw\Aalborg\4 Test of videos\man5\man5_40.png,data\processed\aalborg_clean\man5\man5_40.png,2607
man5,man5_41.png,data\raw\Aalborg\4 Test of videos\man5\man5_41.png,data\processed\aalborg_clean\man5\man5_41.png,7035
man5,man5_42.png,data\raw\Aalborg\4 Test of videos\man5\man5_42.png,data\processed\aalborg_clean\man5\man5_42.png,2568
man5,man5_43.png,data\raw\Aalborg\4 Test of videos\man5\man5_43.png,data\processed\aalborg_clean\man5\man5_43.png,2594
man5,man5_44.png,data\raw\Aalborg\4 Test of videos\man5\man5_44.png,data\processed\aalborg_clean\man5\man5_44.png,7084
man5,man5_45.png,data\raw\Aalborg\4 Test of videos\man5\man5_45.png,data\processed\aalborg_clean\man5\man5_45.png,6978
man5,man5_46.png,data\raw\Aalborg\4 Test of videos\man5\man5_46.png,data\processed\aalborg_clean\man5\man5_46.png,2598
man5,man5_47.png,data\raw\Aalborg\4 Test of videos\man5\man5_47.png,data\processed\aalborg_clean\man5\man5_47.png,6941
man5,man5_48.png,data\raw\Aalborg\4 Test of videos\man5\man5_48.png,data\processed\aalborg_clean\man5\man5_48.png,6958
man5,man5_49.png,data\raw\Aalborg\4 Test of videos\man5\man5_49.png,data\processed\aalborg_clean\man5\man5_49.png,6741
man5,man5_5.png,data\raw\Aalborg\4 Test of videos\man5\man5_5.png,data\processed\aalborg_clean\man5\man5_5.png,4594
man5,man5_50.png,data\raw\Aalborg\4 Test of videos\man5\man5_50.png,data\processed\aalborg_clean\man5\man5_50.png,6715
man5,man5_51.png,data\raw\Aalborg\4 Test of videos\man5\man5_51.png,data\processed\aalborg_clean\man5\man5_51.png,6700
man5,man5_52.png,data\raw\Aalborg\4 Test of videos\man5\man5_52.png,data\processed\aalborg_clean\man5\man5_52.png,7008
man5,man5_53.png,data\raw\Aalborg\4 Test of videos\man5\man5_53.png,data\processed\aalborg_clean\man5\man5_53.png,6955
man5,man5_54.png,data\raw\Aalborg\4 Test of videos\man5\man5_54.png,data\processed\aalborg_clean\man5\man5_54.png,6933
man5,man5_55.png,data\raw\Aalborg\4 Test of videos\man5\man5_55.png,data\processed\aalborg_clean\man5\man5_55.png,6970
man5,man5_56.png,data\raw\Aalborg\4 Test of videos\man5\man5_56.png,data\processed\aalborg_clean\man5\man5_56.png,5960
man5,man5_57.png,data\raw\Aalborg\4 Test of videos\man5\man5_57.png,data\processed\aalborg_clean\man5\man5_57.png,6970
man5,man5_58.png,data\raw\Aalborg\4 Test of videos\man5\man5_58.png,data\processed\aalborg_clean\man5\man5_58.png,6953
man5,man5_59.png,data\raw\Aalborg\4 Test of videos\man5\man5_59.png,data\processed\aalborg_clean\man5\man5_59.png,2639
man5,man5_6.png,data\raw\Aalborg\4 Test of videos\man5\man5_6.png,data\processed\aalborg_clean\man5\man5_6.png,4662
man5,man5_60.png,data\raw\Aalborg\4 Test of videos\man5\man5_60.png,data\processed\aalborg_clean\man5\man5_60.png,2666
man5,man5_61.png,data\raw\Aalborg\4 Test of videos\man5\man5_61.png,data\processed\aalborg_clean\man5\man5_61.png,6941
man5,man5_62.png,data\raw\Aalborg\4 Test of videos\man5\man5_62.png,data\processed\aalborg_clean\man5\man5_62.png,7987
man5,man5_63.png,data\raw\Aalborg\4 Test of videos\man5\man5_63.png,data\processed\aalborg_clean\man5\man5_63.png,6920
man5,man5_65.png,data\raw\Aalborg\4 Test of videos\man5\man5_65.png,data\processed\aalborg_clean\man5\man5_65.png,6973
man5,man5_66.png,data\raw\Aalborg\4 Test of videos\man5\man5_66.png,data\processed\aalborg_clean\man5\man5_66.png,8018
man5,man5_67.png,data\raw\Aalborg\4 Test of videos\man5\man5_67.png,data\processed\aalborg_clean\man5\man5_67.png,6994
man5,man5_7.png,data\raw\Aalborg\4 Test of videos\man5\man5_7.png,data\processed\aalborg_clean\man5\man5_7.png,7067
man5,man5_8.png,data\raw\Aalborg\4 Test of videos\man5\man5_8.png,data\processed\aalborg_clean\man5\man5_8.png,7059
man5,man5_9.png,data\raw\Aalborg\4 Test of videos\man5\man5_9.png,data\processed\aalborg_clean\man5\man5_9.png,2718
man6,man6_10.png,data\raw\Aalborg\4 Test of videos\man6\man6_10.png,data\processed\aalborg_clean\man6\man6_10.png,1747
man6,man6_11.png,data\raw\Aalborg\4 Test of videos\man6\man6_11.png,data\processed\aalborg_clean\man6\man6_11.png,1748
man6,man6_12.png,data\raw\Aalborg\4 Test of videos\man6\man6_12.png,data\processed\aalborg_clean\man6\man6_12.png,1744
man6,man6_13.png,data\raw\Aalborg\4 Test of videos\man6\man6_13.png,data\processed\aalborg_clean\man6\man6_13.png,1750
man6,man6_14.png,data\raw\Aalborg\4 Test of videos\man6\man6_14.png,data\processed\aalborg_clean\man6\man6_14.png,1744
man6,man6_15.png,data\raw\Aalborg\4 Test of videos\man6\man6_15.png,data\processed\aalborg_clean\man6\man6_15.png,1745
man6,man6_17.png,data\raw\Aalborg\4 Test of videos\man6\man6_17.png,data\processed\aalborg_clean\man6\man6_17.png,2840
man6,man6_2.png,data\raw\Aalborg\4 Test of videos\man6\man6_2.png,data\processed\aalborg_clean\man6\man6_2.png,2947
man6,man6_29.png,data\raw\Aalborg\4 Test of videos\man6\man6_29.png,data\processed\aalborg_clean\man6\man6_29.png,1742
man6,man6_5.png,data\raw\Aalborg\4 Test of videos\man6\man6_5.png,data\processed\aalborg_clean\man6\man6_5.png,1787
man6,man6_50.png,data\raw\Aalborg\4 Test of videos\man6\man6_50.png,data\processed\aalborg_clean\man6\man6_50.png,6170
man6,man6_51.png,data\raw\Aalborg\4 Test of videos\man6\man6_51.png,data\processed\aalborg_clean\man6\man6_51.png,6223
man6,man6_52.png,data\raw\Aalborg\4 Test of videos\man6\man6_52.png,data\processed\aalborg_clean\man6\man6_52.png,6208
man6,man6_53.png,data\raw\Aalborg\4 Test of videos\man6\man6_53.png,data\processed\aalborg_clean\man6\man6_53.png,6291
man6,man6_54.png,data\raw\Aalborg\4 Test of videos\man6\man6_54.png,data\processed\aalborg_clean\man6\man6_54.png,6341
man6,man6_55.png,data\raw\Aalborg\4 Test of videos\man6\man6_55.png,data\processed\aalborg_clean\man6\man6_55.png,6406
man6,man6_56.png,data\raw\Aalborg\4 Test of videos\man6\man6_56.png,data\processed\aalborg_clean\man6\man6_56.png,6610
man6,man6_57.png,data\raw\Aalborg\4 Test of videos\man6\man6_57.png,data\processed\aalborg_clean\man6\man6_57.png,6633
man6,man6_58.png,data\raw\Aalborg\4 Test of videos\man6\man6_58.png,data\processed\aalborg_clean\man6\man6_58.png,6692
man6,man6_59.png,data\raw\Aalborg\4 Test of videos\man6\man6_59.png,data\processed\aalborg_clean\man6\man6_59.png,6735
man6,man6_6.png,data\raw\Aalborg\4 Test of videos\man6\man6_6.png,data\processed\aalborg_clean\man6\man6_6.png,1762
man6,man6_60.png,data\raw\Aalborg\4 Test of videos\man6\man6_60.png,data\processed\aalborg_clean\man6\man6_60.png,6687
man6,man6_61.png,data\raw\Aalborg\4 Test of videos\man6\man6_61.png,data\processed\aalborg_clean\man6\man6_61.png,6388
man6,man6_62.png,data\raw\Aalborg\4 Test of videos\man6\man6_62.png,data\processed\aalborg_clean\man6\man6_62.png,6412
man6,man6_63.png,data\raw\Aalborg\4 Test of videos\man6\man6_63.png,data\processed\aalborg_clean\man6\man6_63.png,6773
man6,man6_64.png,data\raw\Aalborg\4 Test of videos\man6\man6_64.png,data\processed\aalborg_clean\man6\man6_64.png,6347
man6,man6_65.png,data\raw\Aalborg\4 Test of videos\man6\man6_65.png,data\processed\aalborg_clean\man6\man6_65.png,6775
man6,man6_66.png,data\raw\Aalborg\4 Test of videos\man6\man6_66.png,data\processed\aalborg_clean\man6\man6_66.png,6766
man7,man7_1.png,data\raw\Aalborg\4 Test of videos\man7\man7_1.png,data\processed\aalborg_clean\man7\man7_1.png,16478
man7,man7_10.png,data\raw\Aalborg\4 Test of videos\man7\man7_10.png,data\processed\aalborg_clean\man7\man7_10.png,16994
man7,man7_11.png,data\raw\Aalborg\4 Test of videos\man7\man7_11.png,data\processed\aalborg_clean\man7\man7_11.png,17017
man7,man7_12.png,data\raw\Aalborg\4 Test of videos\man7\man7_12.png,data\processed\aalborg_clean\man7\man7_12.png,16787
man7,man7_13.png,data\raw\Aalborg\4 Test of videos\man7\man7_13.png,data\processed\aalborg_clean\man7\man7_13.png,16882
man7,man7_14.png,data\raw\Aalborg\4 Test of videos\man7\man7_14.png,data\processed\aalborg_clean\man7\man7_14.png,16808
man7,man7_15.png,data\raw\Aalborg\4 Test of videos\man7\man7_15.png,data\processed\aalborg_clean\man7\man7_15.png,16834
man7,man7_16.png,data\raw\Aalborg\4 Test of videos\man7\man7_16.png,data\processed\aalborg_clean\man7\man7_16.png,16833
man7,man7_17.png,data\raw\Aalborg\4 Test of videos\man7\man7_17.png,data\processed\aalborg_clean\man7\man7_17.png,16948
man7,man7_18.png,data\raw\Aalborg\4 Test of videos\man7\man7_18.png,data\processed\aalborg_clean\man7\man7_18.png,16905
man7,man7_19.png,data\raw\Aalborg\4 Test of videos\man7\man7_19.png,data\processed\aalborg_clean\man7\man7_19.png,16868
man7,man7_2.png,data\raw\Aalborg\4 Test of videos\man7\man7_2.png,data\processed\aalborg_clean\man7\man7_2.png,16703
man7,man7_20.png,data\raw\Aalborg\4 Test of videos\man7\man7_20.png,data\processed\aalborg_clean\man7\man7_20.png,16872
man7,man7_21.png,data\raw\Aalborg\4 Test of videos\man7\man7_21.png,data\processed\aalborg_clean\man7\man7_21.png,16956
man7,man7_22.png,data\raw\Aalborg\4 Test of videos\man7\man7_22.png,data\processed\aalborg_clean\man7\man7_22.png,16928
man7,man7_23.png,data\raw\Aalborg\4 Test of videos\man7\man7_23.png,data\processed\aalborg_clean\man7\man7_23.png,17098
man7,man7_24.png,data\raw\Aalborg\4 Test of videos\man7\man7_24.png,data\processed\aalborg_clean\man7\man7_24.png,16940
man7,man7_25.png,data\raw\Aalborg\4 Test of videos\man7\man7_25.png,data\processed\aalborg_clean\man7\man7_25.png,16974
man7,man7_26.png,data\raw\Aalborg\4 Test of videos\man7\man7_26.png,data\processed\aalborg_clean\man7\man7_26.png,17002
man7,man7_27.png,data\raw\Aalborg\4 Test of videos\man7\man7_27.png,data\processed\aalborg_clean\man7\man7_27.png,16894
man7,man7_28.png,data\raw\Aalborg\4 Test of videos\man7\man7_28.png,data\processed\aalborg_clean\man7\man7_28.png,16921
man7,man7_29.png,data\raw\Aalborg\4 Test of videos\man7\man7_29.png,data\processed\aalborg_clean\man7\man7_29.png,16897
man7,man7_3.png,data\raw\Aalborg\4 Test of videos\man7\man7_3.png,data\processed\aalborg_clean\man7\man7_3.png,15927
man7,man7_30.png,data\raw\Aalborg\4 Test of videos\man7\man7_30.png,data\processed\aalborg_clean\man7\man7_30.png,16858
man7,man7_31.png,data\raw\Aalborg\4 Test of videos\man7\man7_31.png,data\processed\aalborg_clean\man7\man7_31.png,17124
man7,man7_32.png,data\raw\Aalborg\4 Test of videos\man7\man7_32.png,data\processed\aalborg_clean\man7\man7_32.png,16905
man7,man7_33.png,data\raw\Aalborg\4 Test of videos\man7\man7_33.png,data\processed\aalborg_clean\man7\man7_33.png,16840
man7,man7_34.png,data\raw\Aalborg\4 Test of videos\man7\man7_34.png,data\processed\aalborg_clean\man7\man7_34.png,16876
man7,man7_35.png,data\raw\Aalborg\4 Test of videos\man7\man7_35.png,data\processed\aalborg_clean\man7\man7_35.png,16835
man7,man7_36.png,data\raw\Aalborg\4 Test of videos\man7\man7_36.png,data\processed\aalborg_clean\man7\man7_36.png,16820
man7,man7_37.png,data\raw\Aalborg\4 Test of videos\man7\man7_37.png,data\processed\aalborg_clean\man7\man7_37.png,16799
man7,man7_38.png,data\raw\Aalborg\4 Test of videos\man7\man7_38.png,data\processed\aalborg_clean\man7\man7_38.png,16846
man7,man7_39.png,data\raw\Aalborg\4 Test of videos\man7\man7_39.png,data\processed\aalborg_clean\man7\man7_39.png,16830
man7,man7_4.png,data\raw\Aalborg\4 Test of videos\man7\man7_4.png,data\processed\aalborg_clean\man7\man7_4.png,16857
man7,man7_40.png,data\raw\Aalborg\4 Test of videos\man7\man7_40.png,data\processed\aalborg_clean\man7\man7_40.png,17048
man7,man7_41.png,data\raw\Aalborg\4 Test of videos\man7\man7_41.png,data\processed\aalborg_clean\man7\man7_41.png,16808
man7,man7_42.png,data\raw\Aalborg\4 Test of videos\man7\man7_42.png,data\processed\aalborg_clean\man7\man7_42.png,16872
man7,man7_43.png,data\raw\Aalborg\4 Test of videos\man7\man7_43.png,data\processed\aalborg_clean\man7\man7_43.png,16843
man7,man7_44.png,data\raw\Aalborg\4 Test of videos\man7\man7_44.png,data\processed\aalborg_clean\man7\man7_44.png,16809
man7,man7_45.png,data\raw\Aalborg\4 Test of videos\man7\man7_45.png,data\processed\aalborg_clean\man7\man7_45.png,16820
man7,man7_46.png,data\raw\Aalborg\4 Test of videos\man7\man7_46.png,data\processed\aalborg_clean\man7\man7_46.png,16833
man7,man7_47.png,data\raw\Aalborg\4 Test of videos\man7\man7_47.png,data\processed\aalborg_clean\man7\man7_47.png,16785
man7,man7_48.png,data\raw\Aalborg\4 Test of videos\man7\man7_48.png,data\processed\aalborg_clean\man7\man7_48.png,16732
man7,man7_49.png,data\raw\Aalborg\4 Test of videos\man7\man7_49.png,data\processed\aalborg_clean\man7\man7_49.png,16980
man7,man7_5.png,data\raw\Aalborg\4 Test of videos\man7\man7_5.png,data\processed\aalborg_clean\man7\man7_5.png,16519
man7,man7_50.png,data\raw\Aalborg\4 Test of videos\man7\man7_50.png,data\processed\aalborg_clean\man7\man7_50.png,16813
man7,man7_51.png,data\raw\Aalborg\4 Test of videos\man7\man7_51.png,data\processed\aalborg_clean\man7\man7_51.png,16833
man7,man7_52.png,data\raw\Aalborg\4 Test of videos\man7\man7_52.png,data\processed\aalborg_clean\man7\man7_52.png,16765
man7,man7_53.png,data\raw\Aalborg\4 Test of videos\man7\man7_53.png,data\processed\aalborg_clean\man7\man7_53.png,16784
man7,man7_54.png,data\raw\Aalborg\4 Test of videos\man7\man7_54.png,data\processed\aalborg_clean\man7\man7_54.png,16821
man7,man7_55.png,data\raw\Aalborg\4 Test of videos\man7\man7_55.png,data\processed\aalborg_clean\man7\man7_55.png,16985
man7,man7_56.png,data\raw\Aalborg\4 Test of videos\man7\man7_56.png,data\processed\aalborg_clean\man7\man7_56.png,16762
man7,man7_57.png,data\raw\Aalborg\4 Test of videos\man7\man7_57.png,data\processed\aalborg_clean\man7\man7_57.png,16793
man7,man7_58.png,data\raw\Aalborg\4 Test of videos\man7\man7_58.png,data\processed\aalborg_clean\man7\man7_58.png,16800
man7,man7_59.png,data\raw\Aalborg\4 Test of videos\man7\man7_59.png,data\processed\aalborg_clean\man7\man7_59.png,16814
man7,man7_6.png,data\raw\Aalborg\4 Test of videos\man7\man7_6.png,data\processed\aalborg_clean\man7\man7_6.png,16966
man7,man7_60.png,data\raw\Aalborg\4 Test of videos\man7\man7_60.png,data\processed\aalborg_clean\man7\man7_60.png,16763
man7,man7_61.png,data\raw\Aalborg\4 Test of videos\man7\man7_61.png,data\processed\aalborg_clean\man7\man7_61.png,16814
man7,man7_62.png,data\raw\Aalborg\4 Test of videos\man7\man7_62.png,data\processed\aalborg_clean\man7\man7_62.png,16820
man7,man7_63.png,data\raw\Aalborg\4 Test of videos\man7\man7_63.png,data\processed\aalborg_clean\man7\man7_63.png,16864
man7,man7_64.png,data\raw\Aalborg\4 Test of videos\man7\man7_64.png,data\processed\aalborg_clean\man7\man7_64.png,16797
man7,man7_65.png,data\raw\Aalborg\4 Test of videos\man7\man7_65.png,data\processed\aalborg_clean\man7\man7_65.png,16832
man7,man7_7.png,data\raw\Aalborg\4 Test of videos\man7\man7_7.png,data\processed\aalborg_clean\man7\man7_7.png,16955
man7,man7_8.png,data\raw\Aalborg\4 Test of videos\man7\man7_8.png,data\processed\aalborg_clean\man7\man7_8.png,16787
man7,man7_9.png,data\raw\Aalborg\4 Test of videos\man7\man7_9.png,data\processed\aalborg_clean\man7\man7_9.png,16700
